id_venda,data_pedido,cliente_nome,cliente_email,produto_categoria,produto_preco,quantidade,data_ajustado,preco_total
1,2024-01-15,João Silva,joao@email.com,Eletrônicos,"1299,90","1,00",2024-01-15,"1299,90"
2,15/02/2024,Maria Santos,maria@email.com,Roupas,"89,90","2,00",2024-02-15,"179,80"
3,2024-Mar-03,Carlos Lima,,Eletrônicos,"2499,00","1,00",2024-03-03,"2499,00"
4,2024.01.20,Ana Paula,ana@email.com,Livros,"5990,00","1,00",2024-01-20,"5990,00"
5,20/01/2024,João Silva,joao@email.com,Casa,"149,90","1,00",2024-01-20,"149,90"
6,2024-02-28,Roberto Alves,roberto@email.com,Esportes,"299,90","2,00",2024-02-28,"599,80"
7,2024/03/10,Fernanda Lima,fernanda@email.com,Roupas,"199,90","1,00",2024-03-10,"199,90"
8,10-03-2024,Rafael Souza,rafael@email.com,Eletrônicos,"899,00","1,00",2024-03-10,"899,00"
9,2024-01-25,Carla Dias,carla@email.com,Beleza,"49,90","3,00",2024-01-25,"149,70"
10,31/02/2024,Pedro Costa,pedro@email.com,Alimentos,"29,90","1,00",2024-02-28,"29,90"
11,2024-02-10,Amanda Rocha,amanda@email.com,Eletrônicos,"3499,00","1,00",2024-02-10,"3499,00"
12,2024/03/15,Lucas Mendes,lucas@email.com,Moveis,"799,90","1,00",2024-03-15,"799,90"
13,15-04-2024,Juliana Lima,juliana@email.com,Roupas,"149,90","2,00",2024-04-15,"299,80"
14,2024.03.22,Bruno Souza,bruno@email.com,Esportes,"59,90","1,00",2024-03-22,"59,90"
15,2024-Apr-01,Patricia Gomes,patricia@email.com,Beleza,"199,90","3,00",2024-04-01,"599,70"
16,01/04/2024,Gustavo Nunes,gustavo@email.com,Alimentos,"39,90","2,00",2024-04-01,"79,80"
17,2024-02-14,Vanessa Oliveira,vanessa@email.com,Livros,"79,90","1,00",2024-02-14,"79,90"
18,2024/05/20,Ricardo Santos,ricardo@email.com,Eletrônicos,"1999,00","1,00",2024-05-20,"1999,00"
19,20-05-2024,Mariana Costa,,Casa,"399,90","1,00",2024-05-20,"399,90"
20,2024.06.01,Thiago Alves,thiago@email.com,Roupas,"249,90","1,00",2024-06-01,"249,90"
21,2024-Jun-10,Letícia Ferreira,leticia@email.com,Esportes,"129,90","2,00",2024-06-10,"259,80"
22,10/06/2024,Felipe Araujo,felipe@email.com,Beleza,"89,90","1,00",2024-06-10,"89,90"
23,2024-07-15,Camila Ribeiro,camila@email.com,Moveis,"1499,00","1,00",2024-07-15,"1499,00"
24,2024/08/01,Diego Martins,,Eletrônicos,"599,00","1,00",2024-08-01,"599,00"
25,01-08-2024,Renata Cardoso,renata@email.com,Livros,"49,90","3,00",2024-08-01,"149,70"
26,2024.09.10,Paulo Siqueira,paulo@email.com,Alimentos,"99,90","1,00",2024-09-10,"99,90"
27,2024-Sep-20,Tatiana Rocha,tatiana@email.com,Roupas,"179,90","2,00",2024-09-20,"359,80"
28,20/09/2024,André Lima,andre@email.com,Casa,"89,90","1,00",2024-09-20,"89,90"
29,2024-10-05,Bruna Dias,bruna@email.com,Eletrônicos,"2199,00","1,00",2024-10-05,"2199,00"
30,2024/11/11,César Mello,cesar@email.com,Esportes,"399,90","1,00",2024-11-11,"399,90"
31,11-11-2024,Daniela Pinto,daniela@email.com,Beleza,"149,90","1,00",2024-11-11,"149,90"
32,2024.12.25,Fábio Cunha,fabio@email.com,Moveis,"2999,00","1,00",2024-12-25,"2999,00"
33,2024-Dec-30,Gabriela Nogueira,gabriela@email.com,Roupas,"99,90","2,00",2024-12-30,"199,80"
34,30/12/2024,Heitor Barros,heitor@email.com,Livros,"129,90","1,00",2024-12-30,"129,90"
35,2024-01-08,Igor Campos,igor@email.com,Alimentos,"49,90","1,00",2024-01-08,"49,90"
36,2024/02/22,Jéssica Monteiro,jessica@email.com,Eletrônicos,"899,90","1,00",2024-02-22,"899,90"
37,22-02-2024,Karen Figueiredo,karen@email.com,Casa,"149,90","2,00",2024-02-22,"299,80"
38,2024.03.14,Leonardo Guerra,leonardo@email.com,Esportes,"79,90","1,00",2024-03-14,"79,90"
39,2024-Mar-25,Michele Assis,,Beleza,"299,90","3,00",2024-03-25,"899,70"
40,25/03/2024,Natália Porto,natalia@email.com,Moveis,"599,90","1,00",2024-03-25,"599,90"
41,2024-04-09,Otávio Sales,otavio@email.com,Roupas,"219,90","1,00",2024-04-09,"219,90"
42,2024/05/05,Paula Vargas,paula@email.com,Livros,"39,90","2,00",2024-05-05,"79,80"
43,05-05-2024,Quintino Dias,quintino@email.com,Alimentos,"69,90","1,00",2024-05-05,"69,90"
44,2024.06.19,Raquel Farias,raquel@email.com,Eletrônicos,"3999,00","1,00",2024-06-19,"3999,00"
45,2024-Jun-28,Sabrina Maia,sabrina@email.com,Casa,"249,90","1,00",2024-06-28,"249,90"
46,28/06/2024,Tomás Brito,tomas@email.com,Esportes,"169,90","2,00",2024-06-28,"339,80"
47,2024-07-12,Ursula Cruz,ursula@email.com,Beleza,"79,90","1,00",2024-07-12,"79,90"
48,2024/08/08,Valter Neves,valter@email.com,Moveis,"1199,00","1,00",2024-08-08,"1199,00"
49,08-08-2024,Wilson Amaral,wilson@email.com,Roupas,"139,90","3,00",2024-08-08,"419,70"
50,2024.09.30,Ximenes Lopes,,Alimentos,"29,90","1,00",2024-09-30,"29,90"
51,2024-10-18,Yara Muniz,yara@email.com,Eletrônicos,"549,90","1,00",2024-10-18,"549,90"
52,2024/11/22,Zuleide Costa,zuleide@email.com,Livros,"89,90","1,00",2024-11-22,"89,90"
53,22-11-2024,Adriana Nascimento,adriana@email.com,Casa,"399,90","2,00",2024-11-22,"799,80"
54,2024.12.03,Bernardo Leal,bernardo@email.com,Esportes,"119,90","1,00",2024-12-03,"119,90"
55,2024-Dec-12,Cláudia Rangel,claudia@email.com,Roupas,"299,90","1,00",2024-12-12,"299,90"
56,12/12/2024,David Andrade,david@email.com,Beleza,"49,90","4,00",2024-12-12,"199,60"
57,2024-01-19,Eliane Fontes,eliane@email.com,Moveis,"899,00","1,00",2024-01-19,"899,00"
58,2024/02/29,Fernando Pires,fernando@email.com,Alimentos,"59,90","2,00",2024-02-29,"119,80"
59,29-02-2024,Gisele Moura,gisele@email.com,Eletrônicos,"1799,00","1,00",2024-02-29,"1799,00"
60,2024.03.07,Henrique Campos,henrique@email.com,Livros,"119,90","1,00",2024-03-07,"119,90"
61,2024-Mar-17,Isabela Freitas,isabela@email.com,Casa,"199,90","2,00",2024-03-17,"399,80"
62,17/03/2024,Jairo Gonçalves,jairo@email.com,Esportes,"89,90","1,00",2024-03-17,"89,90"
63,2024-04-23,Kátia Bastos,katia@email.com,Roupas,"349,90","1,00",2024-04-23,"349,90"
64,2024/05/14,Larissa Tavares,larissa@email.com,Beleza,"159,90","1,00",2024-05-14,"159,90"
65,14-05-2024,Marcelo Pena,marcelo@email.com,Moveis,"2499,00","1,00",2024-05-14,"2499,00"
66,2024.06.11,Nádia Lins,nadia@email.com,Alimentos,"79,90","3,00",2024-06-11,"239,70"
67,2024-Jun-21,Olga Maia,olga@email.com,Eletrônicos,"699,90","1,00",2024-06-21,"699,90"
68,21/06/2024,Paulo Rosa,paulo@email.com,Livros,"49,90","2,00",2024-06-21,"99,80"
69,2024-07-03,Queren Hapuque,queren@email.com,Casa,"129,90","1,00",2024-07-03,"129,90"
70,2024/08/19,Rogério Neves,rogerio@email.com,Esportes,"279,90","1,00",2024-08-19,"279,90"
71,19-08-2024,Sônia Viana,sonia@email.com,Roupas,"89,90","2,00",2024-08-19,"179,80"
72,2024.09.16,Telma Rodrigues,telma@email.com,Beleza,"199,90","1,00",2024-09-16,"199,90"
73,2024-Sep-26,Ubiraci Pontes,ubi@email.com,Moveis,"499,90","1,00",2024-09-26,"499,90"
74,26/09/2024,Valéria Luz,valeria@email.com,Alimentos,"39,90","4,00",2024-09-26,"159,60"
75,2024-10-29,Wagner Silva,wagner@email.com,Eletrônicos,"2899,00","1,00",2024-10-29,"2899,00"
76,2024/11/15,Xuxa Meneghel,xuxa@email.com,Livros,"79,90","1,00",2024-11-15,"79,90"
77,15-11-2024,Yuri Almeida,yuri@email.com,Casa,"319,90","2,00",2024-11-15,"639,80"
78,2024.12.01,Zeca Pagodinho,,Esportes,"149,90","1,00",2024-12-01,"149,90"
79,2024-12-31,Adilson Batista,adilson@email.com,Roupas,"399,90","3,00",2024-12-31,"1199,70"
80,2024/01/07,Bianca Rocha,bianca@email.com,Beleza,"69,90","1,00",2024-01-07,"69,90"
81,07-01-2024,Cristiano Ronaldo,cristiano@email.com,Moveis,"1999,00","1,00",2024-01-07,"1999,00"
82,2024.02.18,Deborah Secco,deborah@email.com,Alimentos,"49,90","2,00",2024-02-18,"99,80"
83,2024-Feb-27,Edson Arantes,edson@email.com,Eletrônicos,"4999,00","1,00",2024-02-27,"4999,00"
84,27/02/2024,Fatima Bernardes,fatima@email.com,Livros,"129,90","1,00",2024-02-27,"129,90"
85,2024-03-12,Glória Pires,gloria@email.com,Casa,"89,90","3,00",2024-03-12,"269,70"
86,2024/04/04,Hugo Gloss,hugo@email.com,Esportes,"229,90","1,00",2024-04-04,"229,90"
87,04-04-2024,Ivete Sangalo,ivete@email.com,Roupas,"179,90","2,00",2024-04-04,"359,80"
88,2024.05.22,Jô Soares,jo@email.com,Beleza,"99,90","1,00",2024-05-22,"99,90"
89,2024-May-31,Luciano Huck,luciano@email.com,Moveis,"749,90","1,00",2024-05-31,"749,90"
90,31/05/2024,Malu Mader,malu@email.com,Alimentos,"59,90","2,00",2024-05-31,"119,80"
91,2024-06-16,Neymar Junior,neymar@email.com,Eletrônicos,"899,90","1,00",2024-06-16,"899,90"
92,2024/07/21,Oscar Schmidt,oscar@email.com,Livros,"39,90","1,00",2024-07-21,"39,90"
93,21-07-2024,Paolla Oliveira,paolla@email.com,Casa,"499,90","1,00",2024-07-21,"499,90"
94,2024.08.09,Queiroz Filho,queiroz@email.com,Esportes,"89,90","4,00",2024-08-09,"359,60"
95,2024-Aug-18,Rita Lee,,Roupas,"249,90","1,00",2024-08-18,"249,90"
96,18/08/2024,Silvio Santos,silvio@email.com,Beleza,"129,90","1,00",2024-08-18,"129,90"
97,2024-09-24,Tarcísio Meira,tarcisio@email.com,Moveis,"1299,00","1,00",2024-09-24,"1299,00"
98,2024/10/10,Udo Kier,udo@email.com,Alimentos,"69,90","2,00",2024-10-10,"139,80"
99,10-10-2024,Vitor Belfort,vitor@email.com,Eletrônicos,"3199,00","1,00",2024-10-10,"3199,00"
100,2024.11.05,Wanessa Camargo,wanessa@email.com,Livros,"99,90","1,00",2024-11-05,"99,90"
101,2024-Nov-14,Xanddy Harmonia,xanddy@email.com,Casa,"199,90","1,00",2024-11-14,"199,90"
102,14/11/2024,Yonlu,yonlu@email.com,Esportes,"59,90","2,00",2024-11-14,"119,80"
103,2024-12-09,Ziraldo,ziraldo@email.com,Roupas,"449,90","1,00",2024-12-09,"449,90"
104,2024/01/30,Amir Klink,amir@email.com,Beleza,"79,90","3,00",2024-01-30,"239,70"
105,30-01-2024,Bob Marley,bob@email.com,Moveis,"899,00","1,00",2024-01-30,"899,00"
106,2024.02.13,Cazuza,cazuza@email.com,Alimentos,"29,90","1,00",2024-02-13,"29,90"
107,2024-Feb-23,Chico Buarque,chico@email.com,Eletrônicos,"1499,00","1,00",2024-02-23,"1499,00"
108,23/02/2024,Dercy Gonçalves,dercy@email.com,Livros,"149,90","2,00",2024-02-23,"299,80"
109,2024-03-18,Elis Regina,elis@email.com,Casa,"329,90","1,00",2024-03-18,"329,90"
110,2024/04/29,Fábio Porchat,fabio@email.com,Esportes,"199,90","1,00",2024-04-29,"199,90"
111,29-04-2024,Gilberto Gil,gilberto@email.com,Roupas,"129,90","1,00",2024-04-29,"129,90"
112,2024.05.06,Hebe Camargo,hebe@email.com,Beleza,"249,90","2,00",2024-05-06,"499,80"
113,2024-May-16,Izabel Goulart,izabel@email.com,Moveis,"1599,00","1,00",2024-05-16,"1599,00"
114,16/05/2024,Jair Rodrigues,jair@email.com,Alimentos,"49,90","3,00",2024-05-16,"149,70"
115,2024-06-27,Klara Castanho,klara@email.com,Eletrônicos,"699,90","1,00",2024-06-27,"699,90"
116,2024/07/02,Lázaro Ramos,lazaro@email.com,Livros,"59,90","1,00",2024-07-02,"59,90"
117,02-07-2024,Manoel Gomes,manoel@email.com,Casa,"149,90","2,00",2024-07-02,"299,80"
118,2024.08.13,Nelson Rodrigues,nelson@email.com,Esportes,"89,90","1,00",2024-08-13,"89,90"
119,2024-Aug-23,Ondina Vianna,,Roupas,"299,90","1,00",2024-08-23,"299,90"
120,23/08/2024,Paulo Freire,paulo@email.com,Beleza,"69,90","4,00",2024-08-23,"279,60"
121,2024-09-04,Quitéria Chagas,quiteria@email.com,Moveis,"2199,00","1,00",2024-09-04,"2199,00"
122,2024/10/16,Raquel Sheherazade,raquel@email.com,Alimentos,"39,90","2,00",2024-10-16,"79,80"
123,16-10-2024,Roberto Carlos,roberto@email.com,Eletrônicos,"2499,00","1,00",2024-10-16,"2499,00"
124,2024.11.19,Salvador Dali,salvador@email.com,Livros,"89,90","1,00",2024-11-19,"89,90"
125,2024-Nov-29,Tati Quebra Barraco,tati@email.com,Casa,"199,90","2,00",2024-11-29,"399,80"
126,29/11/2024,Ubaldo Neto,ubaldo@email.com,Esportes,"119,90","1,00",2024-11-29,"119,90"
127,2024-12-07,Valentina Bandeira,valentina@email.com,Roupas,"549,90","1,00",2024-12-07,"549,90"
128,2024/01/17,Waldemar Valle,waldemar@email.com,Beleza,"49,90","3,00",2024-01-17,"149,70"
129,17-01-2024,Xenia Oliveira,xenia@email.com,Moveis,"699,90","1,00",2024-01-17,"699,90"
130,2024.02.28,Yolanda Soares,yolanda@email.com,Alimentos,"79,90","1,00",2024-02-28,"79,90"
131,2024-Feb-08,Zé Ramalho,zeramalho@email.com,Eletrônicos,"899,90","1,00",2024-02-08,"899,90"
132,08/02/2024,Abelardo Barbosa,abelardo@email.com,Livros,"129,90","2,00",2024-02-08,"259,80"
133,2024-03-19,Beth Carvalho,beth@email.com,Casa,"249,90","1,00",2024-03-19,"249,90"
134,2024/04/07,Cacá Diegues,caca@email.com,Esportes,"159,90","2,00",2024-04-07,"319,80"
135,07-04-2024,Dilma Rousseff,dilma@email.com,Roupas,"199,90","1,00",2024-04-07,"199,90"
136,2024.05.24,Elba Ramalho,elba@email.com,Beleza,"99,90","4,00",2024-05-24,"399,60"
137,2024-Jun-04,Fernanda Montenegro,fernanda@email.com,Moveis,"899,00","1,00",2024-06-04,"899,00"
138,04/06/2024,Garrincha,garrincha@email.com,Alimentos,"49,90","1,00",2024-06-04,"49,90"
139,2024-07-17,Hildon Rocha,hildon@email.com,Eletrônicos,"3299,00","1,00",2024-07-17,"3299,00"
140,2024/08/26,Inês Brasil,ines@email.com,Livros,"59,90","1,00",2024-08-26,"59,90"
141,26-08-2024,Jorge Ben,jorge@email.com,Casa,"179,90","2,00",2024-08-26,"359,80"
142,2024.09.05,Kaysar Dadour,kaysar@email.com,Esportes,"89,90","1,00",2024-09-05,"89,90"
143,2024-Sep-15,Lilia Cabral,lilia@email.com,Roupas,"399,90","1,00",2024-09-15,"399,90"
144,15/09/2024,Marcos Mion,marcos@email.com,Beleza,"149,90","3,00",2024-09-15,"449,70"
145,2024-10-27,Nina Rosa,nina@email.com,Moveis,"1199,00","1,00",2024-10-27,"1199,00"
146,2024/11/07,Olga Benario,olga@email.com,Alimentos,"69,90","2,00",2024-11-07,"139,80"
147,07-11-2024,Pelé,pele@email.com,Eletrônicos,"4499,00","1,00",2024-11-07,"4499,00"
148,2024.12.16,Quinzinho Pinto,quinzinho@email.com,Livros,"79,90","1,00",2024-12-16,"79,90"
149,2024-Dec-26,Ramses II,ramses@email.com,Casa,"299,90","2,00",2024-12-26,"599,80"
150,26/12/2024,Suzana Vieira,suzana@email.com,Esportes,"129,90","1,00",2024-12-26,"129,90"
151,2024-01-02,Tufi Memet,tufi@email.com,Roupas,"249,90","1,00",2024-01-02,"249,90"
152,2024/02/14,Ubiratan Pereira,ubiratan@email.com,Beleza,"59,90","4,00",2024-02-14,"239,60"
153,14-02-2024,Valéria Valenssa,valeria@email.com,Moveis,"799,90","1,00",2024-02-14,"799,90"
154,2024.03.27,Walt Disney,walt@email.com,Alimentos,"39,90","3,00",2024-03-27,"119,70"
155,2024-Mar-07,Xuxa,xuxa@email.com,Eletrônicos,"599,90","1,00",2024-03-07,"599,90"
156,07/03/2024,Yara Cortes,yara@email.com,Livros,"119,90","1,00",2024-03-07,"119,90"
157,2024-04-11,Zacarias,zacarias@email.com,Casa,"449,90","2,00",2024-04-11,"899,80"
158,2024/05/29,Aracy Balabanian,aracy@email.com,Esportes,"89,90","1,00",2024-05-29,"89,90"
159,29-05-2024,Bernardo Guimarães,bernardo@email.com,Roupas,"169,90","1,00",2024-05-29,"169,90"
160,2024.06.08,Cacá Carvalho,caca@email.com,Beleza,"199,90","1,00",2024-06-08,"199,90"
161,2024-Jun-18,Danilo Gentili,danilo@email.com,Moveis,"1399,00","2,00",2024-06-18,"2798,00"
162,18/06/2024,Edna Lima,edna@email.com,Alimentos,"49,90","2,00",2024-06-18,"99,80"
163,2024-07-29,Floriano Peixoto,floriano@email.com,Eletrônicos,"1899,00","1,00",2024-07-29,"1899,00"
164,2024/08/12,Gabriel Pensador,gabriel@email.com,Livros,"69,90","3,00",2024-08-12,"209,70"
165,12-08-2024,Hortência Marcari,hortencia@email.com,Casa,"199,90","1,00",2024-08-12,"199,90"
166,2024.09.23,Isadora Duncan,isadora@email.com,Esportes,"149,90","1,00",2024-09-23,"149,90"
167,2024-Oct-03,Jackson do Pandeiro,jackson@email.com,Roupas,"299,90","1,00",2024-10-03,"299,90"
168,03/10/2024,Kleber Bambam,kleber@email.com,Beleza,"79,90","4,00",2024-10-03,"319,60"
169,2024-11-26,Léa Garcia,lea@email.com,Moveis,"649,90","1,00",2024-11-26,"649,90"
170,2024/12/14,Mário Lago,mario@email.com,Alimentos,"59,90","1,00",2024-12-14,"59,90"
171,14-12-2024,Nicole Bahls,nicole@email.com,Eletrônicos,"2999,00","1,00",2024-12-14,"2999,00"
172,2024.01.09,Orlando Drummond,orlando@email.com,Livros,"89,90","2,00",2024-01-09,"179,80"
173,2024-Jan-19,Paulo Autran,paulo@email.com,Casa,"379,90","1,00",2024-01-19,"379,90"
174,19/01/2024,Quico Madruga,quico@email.com,Esportes,"119,90","2,00",2024-01-19,"239,80"
175,2024-02-26,Renato Aragão,renato@email.com,Roupas,"199,90","1,00",2024-02-26,"199,90"
176,2024/03/01,Sérgio Mallandro,sergio@email.com,Beleza,"49,90","3,00",2024-03-01,"149,70"
177,01-03-2024,Tônia Carrero,tonia@email.com,Moveis,"1799,00","1,00",2024-03-01,"1799,00"
178,2024.04.14,Ursula Andress,ursula@email.com,Alimentos,"69,90","1,00",2024-04-14,"69,90"
179,2024-Apr-24,Valesca Popozuda,valesca@email.com,Eletrônicos,"499,90","1,00",2024-04-24,"499,90"
180,24/04/2024,Wagner Montes,wagner@email.com,Livros,"129,90","2,00",2024-04-24,"259,80"
181,2024-05-03,Xênia França,xenia@email.com,Casa,"149,90","1,00",2024-05-03,"149,90"
182,2024/06/11,Yeda Crusius,yeda@email.com,Esportes,"89,90","2,00",2024-06-11,"179,80"
183,11-06-2024,Zeca Baleiro,zeca@email.com,Roupas,"449,90","1,00",2024-06-11,"449,90"
184,2024.07.22,Alcione Nazaré,alcione@email.com,Beleza,"99,90","4,00",2024-07-22,"399,60"
185,2024-Jul-31,Belchior Neto,belchior@email.com,Moveis,"899,00","1,00",2024-07-31,"899,00"
186,31/07/2024,Cássia Eller,cassia@email.com,Alimentos,"39,90","1,00",2024-07-31,"39,90"
187,2024-08-04,Dado Dolabella,dado@email.com,Eletrônicos,"3599,00","1,00",2024-08-04,"3599,00"
188,2024/09/17,Emicida,emicida@email.com,Livros,"59,90","1,00",2024-09-17,"59,90"
189,17-09-2024,Fafá de Belém,fafa@email.com,Casa,"229,90","3,00",2024-09-17,"689,70"
190,2024.10.28,Gil do Vigor,gil@email.com,Esportes,"169,90","1,00",2024-10-28,"169,90"
191,2024-Oct-08,Hugo Rafael,hugo@email.com,Roupas,"129,90","1,00",2024-10-08,"129,90"
192,08/10/2024,Inácio Lula,inacio@email.com,Beleza,"199,90","2,00",2024-10-08,"399,80"
193,2024-11-21,Jô Soares,jo@email.com,Moveis,"1099,00","1,00",2024-11-21,"1099,00"
194,2024/12/02,Karina Bacchi,karina@email.com,Alimentos,"49,90","2,00",2024-12-02,"99,80"
195,02-12-2024,Luciana Gimenez,luciana@email.com,Eletrônicos,"699,90","1,00",2024-12-02,"699,90"
196,2024.01.13,Marília Gabriela,marilia@email.com,Livros,"79,90","1,00",2024-01-13,"79,90"
197,2024-Jan-23,Nando Reis,nando@email.com,Casa,"319,90","2,00",2024-01-23,"639,80"
198,23/01/2024,Oswaldo Montenegro,oswaldo@email.com,Esportes,"89,90","1,00",2024-01-23,"89,90"
199,2024-02-05,Patrícia Poeta,patricia@email.com,Roupas,"349,90","1,00",2024-02-05,"349,90"
200,2024/03/26,Quércia,quercia@email.com,Beleza,"59,90","4,00",2024-03-26,"239,60"
201,2024.04.06,Rafael Cortez,rafael@email.com,Moveis,"2499,00","1,00",2024-04-06,"2499,00"
202,2024-May-16,Sandra Annenberg,sandra@email.com,Alimentos,"69,90","1,00",2024-05-16,"69,90"
203,2024-06-20,Tarcísio Freitas,tarcisio@email.com,Eletrônicos,"1199,00","1,00",2024-06-20,"1199,00"
204,2024/07/10,Ubaldo Meirelles,ubaldo@email.com,Livros,"99,90","2,00",2024-07-10,"199,80"
205,2024.08.29,Valter Hugo Mãe,valter@email.com,Casa,"149,90","1,00",2024-08-29,"149,90"
206,2024-Aug-09,Waldick Soriano,waldick@email.com,Esportes,"129,90","2,00",2024-08-09,"259,80"
207,2024-09-19,Xico Sá,xico@email.com,Roupas,"249,90","1,00",2024-09-19,"249,90"
208,2024/10/31,Yuri Lima,yuri@email.com,Beleza,"89,90","3,00",2024-10-31,"269,70"
209,2024.11.11,Zilda Arns,zilda@email.com,Moveis,"799,90","1,00",2024-11-11,"799,90"
210,2024-Dec-22,Adriane Galisteu,adriane@email.com,Alimentos,"49,90","1,00",2024-12-22,"49,90"
211,2024-01-03,Arnaldo Jabor,arnaldo@email.com,Eletrônicos,"2199,00","1,00",2024-01-03,"2199,00"
212,2024/02/19,Bruno Gagliasso,bruno@email.com,Livros,"59,90","1,00",2024-02-19,"59,90"
213,2024.03.08,Carlinhos Brown,carlinhos@email.com,Casa,"399,90","2,00",2024-03-08,"799,80"
214,2024-Mar-18,Deborah Secco,deborah@email.com,Esportes,"89,90","1,00",2024-03-18,"89,90"
215,2024-04-28,Eduardo Sterblitch,eduardo@email.com,Roupas,"179,90","1,00",2024-04-28,"179,90"
216,2024/05/09,Felipe Neto,felipe@email.com,Beleza,"149,90","4,00",2024-05-09,"599,60"
217,2024.06.30,Geraldo Alckmin,geraldo@email.com,Moveis,"949,00","1,00",2024-06-30,"949,00"
218,2024-Jun-10,Hélio Castroneves,helio@email.com,Alimentos,"39,90","2,00",2024-06-10,"79,80"
219,2024-07-01,Isabel Fillardis,isabel@email.com,Eletrônicos,"899,90","1,00",2024-07-01,"899,90"
220,2024/08/21,Jair Bolsonaro,jair@email.com,Livros,"129,90","1,00",2024-08-21,"129,90"
221,2024.09.02,Kelly Key,kelly@email.com,Casa,"199,90","3,00",2024-09-02,"599,70"
222,2024-Sep-12,Leandro Hassum,leandro@email.com,Esportes,"79,90","1,00",2024-09-12,"79,90"
223,2024-10-22,Maisa Silva,maisa@email.com,Roupas,"299,90","1,00",2024-10-22,"299,90"
224,2024/11/03,Nívea Stelmann,nivea@email.com,Beleza,"69,90","2,00",2024-11-03,"139,80"
225,2024.12.13,Orlando Silva,orlando@email.com,Moveis,"1499,00","1,00",2024-12-13,"1499,00"
226,2024-Dec-23,Patrícia Abravanel,patricia@email.com,Alimentos,"59,90","1,00",2024-12-23,"59,90"
227,2024-01-14,Quentin Tarantino,quentin@email.com,Eletrônicos,"3799,00","1,00",2024-01-14,"3799,00"
228,2024/02/25,Ramón Valdés,ramon@email.com,Livros,"89,90","1,00",2024-02-25,"89,90"
229,2024.03.15,Selton Mello,selton@email.com,Casa,"279,90","2,00",2024-03-15,"559,80"
230,2024-Mar-05,Teresa Cristina,teresa@email.com,Esportes,"119,90","2,00",2024-03-05,"239,80"
231,2024-04-24,Ulysses Guimarães,ulysses@email.com,Roupas,"219,90","1,00",2024-04-24,"219,90"
232,2024/05/07,Violeta Arraes,violeta@email.com,Beleza,"99,90","3,00",2024-05-07,"299,70"
233,2024.06.18,Wesley Safadão,wesley@email.com,Moveis,"699,90","1,00",2024-06-18,"699,90"
234,2024-Jun-28,Xênia,,Alimentos,"499,00","1,00",2024-06-28,"499,00"
235,2024-07-08,Yasmin Brunet,yasmin@email.com,Eletrônicos,"499,90","1,00",2024-07-08,"499,90"
236,2024/08/29,Zé Felipe,ze@email.com,Livros,"79,90","2,00",2024-08-29,"159,80"
237,2024.09.09,Anitta,anitta@email.com,Casa,"449,90","1,00",2024-09-09,"449,90"
238,2024-Sep-19,Boni Neto,boni@email.com,Esportes,"89,90","1,00",2024-09-19,"89,90"
239,2024-10-29,Cacau Protásio,cacau@email.com,Roupas,"159,90","1,00",2024-10-29,"159,90"
240,2024/11/01,Dira Paes,dira@email.com,Beleza,"199,90","4,00",2024-11-01,"799,60"
241,2024.12.11,Emílio Santiago,emilio@email.com,Moveis,"1199,00","1,00",2024-12-11,"1199,00"
242,2024-Dec-21,Fábio Assunção,fabio@email.com,Alimentos,"39,90","2,00",2024-12-21,"79,80"
243,2024-01-31,Glória Maria,gloria@email.com,Eletrônicos,"2899,00","1,00",2024-01-31,"2899,00"
244,2024/02/12,Humberto Martins,humberto@email.com,Livros,"59,90","1,00",2024-02-12,"59,90"
245,2024.03.22,Irene Ravache,irene@email.com,Casa,"189,90","3,00",2024-03-22,"569,70"
246,2024-Apr-02,João Miguel,joao@email.com,Esportes,"149,90","1,00",2024-04-02,"149,90"
247,2024-05-13,Lázaro Ramos,lazaro@email.com,Roupas,"349,90","1,00",2024-05-13,"349,90"
248,2024/06/24,Maria Casadevall,maria@email.com,Beleza,"79,90","2,00",2024-06-24,"159,80"
249,2024.07.05,Nelson Freitas,nelson@email.com,Moveis,"899,00","1,00",2024-07-05,"899,00"
250,2024-Jul-15,Olívia Torres,olivia@email.com,Alimentos,"69,90","1,00",2024-07-15,"69,90"
251,2024-08-25,Paulo Betti,paulo@email.com,Eletrônicos,"1599,00","1,00",2024-08-25,"1599,00"
252,2024/09/16,Quézia Souza,quezia@email.com,Livros,"99,90","1,00",2024-09-16,"99,90"
253,2024.10.06,Renata Sorrah,renata@email.com,Casa,"249,90","2,00",2024-10-06,"499,80"
254,2024-Oct-16,Sérgio Guizé,sergio@email.com,Esportes,"89,90","2,00",2024-10-16,"179,80"
255,2024-11-26,Tainá Müller,taina@email.com,Roupas,"199,90","1,00",2024-11-26,"199,90"
256,2024/12/08,Ubiratan Bizarro,ubiratan@email.com,Beleza,"149,90","3,00",2024-12-08,"449,70"
257,2024.01.18,Valdineia Sorriso,valdineia@email.com,Moveis,"1799,00","1,00",2024-01-18,"1799,00"
258,2024-Jan-28,Wanderléa,wanderlea@email.com,Alimentos,"49,90","1,00",2024-01-28,"49,90"
259,2024-02-09,Xande de Pilares,xande@email.com,Eletrônicos,"699,90","1,00",2024-02-09,"699,90"
260,2024/03/20,Yvonne Lara,yvonne@email.com,Livros,"79,90","2,00",2024-03-20,"159,80"
261,2024.04.30,Zezé Di Camargo,zeze@email.com,Casa,"329,90","1,00",2024-04-30,"329,90"
262,2024-Apr-10,Adriana Esteves,adriana@email.com,Esportes,"119,90","1,00",2024-04-10,"119,90"
263,2024-05-21,Alexandre Nero,alexandre@email.com,Roupas,"279,90","1,00",2024-05-21,"279,90"
264,2024/06/02,Amanda Acosta,amanda@email.com,Beleza,"69,90","4,00",2024-06-02,"279,60"
265,2024.07.13,Antonio Fagundes,antonio@email.com,Moveis,"649,90","1,00",2024-07-13,"649,90"
266,2024-Jul-23,Bárbara Paz,barbara@email.com,Alimentos,"59,90","2,00",2024-07-23,"119,80"
267,2024-08-03,Caio Blat,caio@email.com,Eletrônicos,"2199,00","1,00",2024-08-03,"2199,00"
268,2024/09/14,Cláudia Abreu,claudia@email.com,Livros,"89,90","1,00",2024-09-14,"89,90"
269,2024.10.25,Danton Mello,danton@email.com,Casa,"199,90","3,00",2024-10-25,"599,70"
270,2024-Oct-05,Eriberto Leão,eriberto@email.com,Esportes,"99,90","1,00",2024-10-05,"99,90"
271,2024-11-15,Fernanda Souza,fernanda@email.com,Roupas,"399,90","1,00",2024-11-15,"399,90"
272,2024/12/27,George Sauma,george@email.com,Beleza,"129,90","2,00",2024-12-27,"259,80"
273,2024.01.07,Helena Ranaldi,helena@email.com,Moveis,"899,00","1,00",2024-01-07,"899,00"
274,2024-Jan-17,Isis Valverde,isis@email.com,Alimentos,"39,90","1,00",2024-01-17,"39,90"
275,2024-02-27,Jayme Matarazzo,jayme@email.com,Eletrônicos,"3299,00","1,00",2024-02-27,"3299,00"
276,2024/03/10,Karine Teles,karine@email.com,Livros,"59,90","1,00",2024-03-10,"59,90"
277,2024.04.20,Lilia Cabral,lilia@email.com,Casa,"479,90","2,00",2024-04-20,"959,80"
278,2024-Apr-30,Marcelo Serrado,marcelo@email.com,Esportes,"89,90","2,00",2024-04-30,"179,80"
279,2024-05-11,Nanda Costa,nanda@email.com,Roupas,"149,90","1,00",2024-05-11,"149,90"
280,2024/06/22,Othon Bastos,othon@email.com,Beleza,"199,90","4,00",2024-06-22,"799,60"
281,2024.07.02,Paula Burlamaqui,paula@email.com,Moveis,"1099,00","1,00",2024-07-02,"1099,00"
282,2024-Jul-12,Quinzinho Neto,quinzinho@email.com,Alimentos,"69,90","1,00",2024-07-12,"69,90"
283,2024-08-22,Rafaela Mandelli,rafaela@email.com,Eletrônicos,"799,90","1,00",2024-08-22,"799,90"
284,2024/09/03,Samantha Schmutz,samantha@email.com,Livros,"79,90","2,00",2024-09-03,"159,80"
285,2024.10.14,Thiago Fragoso,thiago@email.com,Casa,"259,90","1,00",2024-10-14,"259,90"
286,2024-Oct-24,Ursula Corona,ursula@email.com,Esportes,"129,90","1,00",2024-10-24,"129,90"
287,2024-11-05,Vera Fischer,vera@email.com,Roupas,"449,90","1,00",2024-11-05,"449,90"
288,2024/12/16,Wagner Moura,wagner@email.com,Beleza,"59,90","3,00",2024-12-16,"179,70"
289,2024.12.26,Xenia Strass,xenia@email.com,Moveis,"1499,00","1,00",2024-12-26,"1499,00"
290,2024-Dec-06,Yara Charry,yara@email.com,Alimentos,"49,90","2,00",2024-12-06,"99,80"
291,2024-01-16,Zé Carlos,zecarlos@email.com,Eletrônicos,"1999,00","1,00",2024-01-16,"1999,00"
292,2024/02/27,Ana Beatriz,ana@email.com,Livros,"89,90","1,00",2024-02-27,"89,90"
293,2024.03.09,Beto Barbosa,beto@email.com,Casa,"319,90","2,00",2024-03-09,"639,80"
294,2024-Mar-19,Cid Moreira,cid@email.com,Esportes,"79,90","1,00",2024-03-19,"79,90"
295,2024-04-29,Diogo Nogueira,diogo@email.com,Roupas,"199,90","1,00",2024-04-29,"199,90"
296,2024/05/10,Elza Soares,elza@email.com,Beleza,"99,90","4,00",2024-05-10,"399,60"
297,2024.06.21,Fábio Júnior,fabio@email.com,Moveis,"749,90","1,00",2024-06-21,"749,90"
298,2024-Jun-01,Gilberto Braga,gilberto@email.com,Alimentos,"39,90","1,00",2024-06-01,"39,90"
299,2024-07-11,Humberto Gessinger,humberto@email.com,Eletrônicos,"4199,00","1,00",2024-07-11,"4199,00"
300,2024/08/22,Inácio de Loyola,inacio@email.com,Livros,"69,90","1,00",2024-08-22,"69,90"
301,2024.09.02,Jorge Aragão,jorge@email.com,Casa,"179,90","3,00",2024-09-02,"539,70"
302,2024-Sep-12,Kiko Zambianchi,kiko@email.com,Esportes,"109,90","2,00",2024-09-12,"219,80"
303,2024-10-22,Leo Jaime,leo@email.com,Roupas,"249,90","1,00",2024-10-22,"249,90"
304,2024/11/03,Milton Nascimento,milton@email.com,Beleza,"149,90","2,00",2024-11-03,"299,80"
305,2024.12.14,Nando Cordel,nando@email.com,Moveis,"899,00","1,00",2024-12-14,"899,00"
306,2024-Dec-24,Otto de Alencar,otto@email.com,Alimentos,"59,90","1,00",2024-12-24,"59,90"
307,2024-01-04,Paulo Miklos,paulo@email.com,Eletrônicos,"599,90","1,00",2024-01-04,"599,90"
308,2024/02/15,Quelynah,quelynah@email.com,Livros,"79,90","1,00",2024-02-15,"79,90"
309,2024.03.26,Renato Teixeira,renato@email.com,Casa,"399,90","2,00",2024-03-26,"799,80"
310,2024-Apr-06,Sandy Leah,sandy@email.com,Esportes,"89,90","1,00",2024-04-06,"89,90"
311,2024-05-17,Toni Garrido,toni@email.com,Roupas,"299,90","1,00",2024-05-17,"299,90"
312,2024/06/28,Ulisses Sales,ulisses@email.com,Beleza,"69,90","4,00",2024-06-28,"279,60"
313,2024.07.09,Victor Chaves,victor@email.com,Moveis,"1299,00","1,00",2024-07-09,"1299,00"
314,2024-Jul-19,Wilson Sideral,wilson@email.com,Alimentos,"49,90","2,00",2024-07-19,"99,80"
315,2024-08-29,Xis,das@email.com,Eletrônicos,"2799,00","1,00",2024-08-29,"2799,00"
316,2024/09/10,Yuri da Cunha,yuri@email.com,Livros,"99,90","1,00",2024-09-10,"99,90"
317,2024.10.21,Zélia Duncan,zelia@email.com,Casa,"199,90","3,00",2024-10-21,"599,70"
318,2024-Oct-31,Adriana Calcanhotto,adriana@email.com,Esportes,"119,90","1,00",2024-10-31,"119,90"
319,2024-11-12,Baby do Brasil,baby@email.com,Roupas,"349,90","1,00",2024-11-12,"349,90"
320,2024/12/23,Carlinhos Vergueiro,carlinhos@email.com,Beleza,"79,90","2,00",2024-12-23,"159,80"
321,2024.01.04,Djavan,djavan@email.com,Moveis,"799,00","1,00",2024-01-04,"799,00"
322,2024-Jan-14,Elisângela,elisangela@email.com,Alimentos,"39,90","1,00",2024-01-14,"39,90"
323,2024-02-24,Fafy Siqueira,fafy@email.com,Eletrônicos,"1499,00","1,00",2024-02-24,"1499,00"
324,2024/03/07,Gretchen,gretchen@email.com,Livros,"59,90","2,00",2024-03-07,"119,80"
325,2024.04.18,Heitor Dhalia,heitor@email.com,Casa,"229,90","1,00",2024-04-18,"229,90"
326,2024-Apr-28,Igor de Carvalho,igor@email.com,Esportes,"99,90","2,00",2024-04-28,"199,80"
327,2024-05-09,Jessica Ellen,jessica@email.com,Roupas,"179,90","1,00",2024-05-09,"179,90"
328,2024/06/20,Kátia Flávia,katia@email.com,Beleza,"199,90","4,00",2024-06-20,"799,60"
329,2024.07.01,Luísa Sonza,luisa@email.com,Moveis,"1399,00","1,00",2024-07-01,"1399,00"
330,2024-Jul-11,Maria Bethânia,maria@email.com,Alimentos,"69,90","1,00",2024-07-11,"69,90"
331,2024-08-21,Naiara Azevedo,naiara@email.com,Eletrônicos,"899,90","1,00",2024-08-21,"899,90"
332,2024/09/02,Olívia Hime,olivia@email.com,Livros,"79,90","1,00",2024-09-02,"79,90"
333,2024.10.13,Paulo Zulu,paulo@email.com,Casa,"449,90","2,00",2024-10-13,"899,80"
334,2024-Oct-23,Queren Castelo Branco,queren@email.com,Esportes,"89,90","1,00",2024-10-23,"89,90"
335,2024-11-04,Rogério Flausino,rogerio@email.com,Roupas,"249,90","1,00",2024-11-04,"249,90"
336,2024/12/15,Sabrina Sato,sabrina@email.com,Beleza,"129,90","3,00",2024-12-15,"389,70"
337,2024.12.25,Tânia Mara,tania@email.com,Moveis,"649,90","1,00",2024-12-25,"649,90"
338,2024-Dec-05,Ubaldo Neto,ubaldo@email.com,Alimentos,"49,90","2,00",2024-12-05,"99,80"
339,2024-01-15,Val Marchiori,val@email.com,Eletrônicos,"3499,00","1,00",2024-01-15,"3499,00"
340,2024/02/26,Waleska Popozuda,waleska@email.com,Livros,"59,90","1,00",2024-02-26,"59,90"
341,2024.03.08,Xênia França,xenia@email.com,Casa,"179,90","2,00",2024-03-08,"359,80"
342,2024-Mar-18,Yan Boechat,yan@email.com,Esportes,"109,90","1,00",2024-03-18,"109,90"
343,2024-04-28,Zé Ricardo,ze@email.com,Roupas,"399,90","1,00",2024-04-28,"399,90"
344,2024/05/09,Angélica Moura,angelica@email.com,Beleza,"89,90","4,00",2024-05-09,"359,60"
345,2024.06.20,Bruna Linzmeyer,bruna@email.com,Moveis,"999,00","1,00",2024-06-20,"999,00"
346,2024-Jun-30,César Tralli,cesar@email.com,Alimentos,"39,90","1,00",2024-06-30,"39,90"
347,2024-07-11,Daniel Boaventura,daniel@email.com,Eletrônicos,"1199,00","1,00",2024-07-11,"1199,00"
348,2024/08/22,Edson Celulari,edson@email.com,Livros,"89,90","2,00",2024-08-22,"179,80"
349,2024.09.02,Fiuk,fiuk@email.com,Casa,"279,90","1,00",2024-09-02,"279,90"
350,2024-Sep-12,Gabriel Leone,gabriel@email.com,Esportes,"79,90","2,00",2024-09-12,"159,80"
351,2024-10-22,Heloísa Périssé,heloisa@email.com,Roupas,"199,90","1,00",2024-10-22,"199,90"
352,2024/11/03,Ícaro Silva,icaro@email.com,Beleza,"149,90","3,00",2024-11-03,"449,70"
353,2024.12.14,João Vicente,joao@email.com,Moveis,"1799,00","1,00",2024-12-14,"1799,00"
354,2024-Dec-24,Karla Tenório,karla@email.com,Alimentos,"59,90","1,00",2024-12-24,"59,90"
355,2024-01-05,Luciano Szafir,luciano@email.com,Eletrônicos,"699,90","1,00",2024-01-05,"699,90"
356,2024/02/16,Mariana Ximenes,mariana@email.com,Livros,"79,90","1,00",2024-02-16,"79,90"
357,2024.03.27,Nicolas Prattes,nicolas@email.com,Casa,"349,90","2,00",2024-03-27,"699,80"
358,2024-Apr-07,Oscar Filho,oscar@email.com,Esportes,"99,90","1,00",2024-04-07,"99,90"
359,2024-05-18,Pedro Scooby,pedro@email.com,Roupas,"299,90","1,00",2024-05-18,"299,90"
360,2024/06/29,Rafael Portugal,rafael@email.com,Beleza,"69,90","4,00",2024-06-29,"279,60"
361,2024.07.10,Samara Felippo,samara@email.com,Moveis,"849,00","1,00",2024-07-10,"849,00"
362,2024-Jul-20,Tiago Abravanel,tiago@email.com,Alimentos,"49,90","2,00",2024-07-20,"99,80"
363,2024-08-30,Uk,uk@email.com,Eletrônicos,"2499,00","1,00",2024-08-30,"2499,00"
364,2024/09/11,Vitão,vitao@email.com,Livros,"59,90","1,00",2024-09-11,"59,90"
365,2024.10.22,Whindersson Nunes,whindersson@email.com,Casa,"199,90","3,00",2024-10-22,"599,70"
366,2024-Oct-02,Xuller,xuller@email.com,Esportes,"119,90","1,00",2024-10-02,"119,90"
367,2024-11-13,Yudi Tamashiro,yudi@email.com,Roupas,"179,90","1,00",2024-11-13,"179,90"
368,2024/12/24,Zico,zico@email.com,Beleza,"199,90","2,00",2024-12-24,"399,80"
369,2024.01.05,Amado Batista,amado@email.com,Moveis,"699,90","1,00",2024-01-05,"699,90"
370,2024-Jan-15,Bianca Bin,bianca@email.com,Alimentos,"39,90","1,00",2024-01-15,"39,90"
371,2024-02-25,Cássio Gabus Mendes,cassio@email.com,Eletrônicos,"3899,00","1,00",2024-02-25,"3899,00"
372,2024/03/08,Débora Falabella,debora@email.com,Livros,"89,90","1,00",2024-03-08,"89,90"
373,2024.04.19,Emilio Orciollo Neto,emilio@email.com,Casa,"239,90","2,00",2024-04-19,"479,80"
374,2024-Apr-29,Fernando Fernandes,fernando@email.com,Esportes,"89,90","2,00",2024-04-29,"179,80"
375,2024-05-10,Gianecchini,gianecchini@email.com,Roupas,"449,90","1,00",2024-05-10,"449,90"
376,2024/06/21,Hilda Rebello,hilda@email.com,Beleza,"79,90","4,00",2024-06-21,"319,60"
377,2024.07.02,Isabela Garcia,isabela@email.com,Moveis,"1099,00","1,00",2024-07-02,"1099,00"
378,2024-Jul-12,Jôse,,Alimentos,"699,00","1,00",2024-07-12,"699,00"
379,2024-08-22,Karlos,karlos@email.com,Eletrônicos,"499,90","1,00",2024-08-22,"499,90"
380,2024/09/03,Leonardo Medeiros,leonardo@email.com,Livros,"79,90","1,00",2024-09-03,"79,90"
381,2024.10.14,Monica Iozzi,monica@email.com,Casa,"419,90","3,00",2024-10-14,"1259,70"
382,2024-Oct-24,Natalia Lage,natalia@email.com,Esportes,"99,90","1,00",2024-10-24,"99,90"
383,2024-11-05,Otaviano Costa,otaviano@email.com,Roupas,"199,90","1,00",2024-11-05,"199,90"
384,2024/12/16,Paula Cohen,paula@email.com,Beleza,"149,90","2,00",2024-12-16,"299,80"
385,2024.12.26,Quitéria Kelly,quiteria@email.com,Moveis,"799,00","1,00",2024-12-26,"799,00"
386,2024-Dec-06,Rafael Vitti,rafael@email.com,Alimentos,"49,90","1,00",2024-12-06,"49,90"
387,2024-01-16,Sophia Abrahão,sophia@email.com,Eletrônicos,"1899,00","1,00",2024-01-16,"1899,00"
388,2024/02/27,Tadeu Schmidt,tadeu@email.com,Livros,"59,90","2,00",2024-02-27,"119,80"
389,2024.03.09,Ursula Andress,ursula@email.com,Casa,"299,90","1,00",2024-03-09,"299,90"
390,2024-Mar-19,Vitorino Campos,vitorino@email.com,Esportes,"119,90","2,00",2024-03-19,"239,80"
391,2024-04-29,Walderez de Barros,walderez@email.com,Roupas,"249,90","1,00",2024-04-29,"249,90"
392,2024/05/10,Xênia Bier,xenia@email.com,Beleza,"89,90","4,00",2024-05-10,"359,60"
393,2024.06.21,Yoná,yona@email.com,Moveis,"1499,00","1,00",2024-06-21,"1499,00"
394,2024-Jun-01,Zanoni,zanoni@email.com,Alimentos,"39,90","1,00",2024-06-01,"39,90"
395,2024-07-11,Arlete Salles,arlete@email.com,Eletrônicos,"699,90","1,00",2024-07-11,"699,90"
396,2024/08/22,Beto Silva,beto@email.com,Livros,"79,90","1,00",2024-08-22,"79,90"
397,2024.09.02,Chay Suede,chay@email.com,Casa,"359,90","2,00",2024-09-02,"719,80"
398,2024-Sep-12,Daniel Rangel,daniel@email.com,Esportes,"89,90","1,00",2024-09-12,"89,90"
399,2024-10-22,Eliane Giardini,eliane@email.com,Roupas,"399,90","1,00",2024-10-22,"399,90"
400,2024/11/03,Fúlvio Stefanini,fulvio@email.com,Beleza,"69,90","3,00",2024-11-03,"209,70"
401,2024.12.14,Guilherme Fontes,guilherme@email.com,Moveis,"949,00","1,00",2024-12-14,"949,00"
402,2024-Dec-24,Hugo Bonemer,hugo@email.com,Alimentos,"59,90","2,00",2024-12-24,"119,80"
403,2024-01-05,Ítalo Rossi,italo@email.com,Eletrônicos,"2199,00","1,00",2024-01-05,"2199,00"
404,2024/02/16,Joaquim Lopes,joaquim@email.com,Livros,"89,90","1,00",2024-02-16,"89,90"
405,2024.03.27,Kevinho,kevinho@email.com,Casa,"199,90","2,00",2024-03-27,"399,80"
406,2024-Apr-07,Luciana Paes,luciana@email.com,Esportes,"79,90","1,00",2024-04-07,"79,90"
407,2024-05-18,Marcos Pitombo,marcos@email.com,Roupas,"299,90","1,00",2024-05-18,"299,90"
408,2024/06/29,Nívea Maria,nivea@email.com,Beleza,"179,90","4,00",2024-06-29,"719,60"
409,2024.07.10,Osmar Prado,osmar@email.com,Moveis,"649,90","1,00",2024-07-10,"649,90"
410,2024-Jul-20,Paulo Goulart,paulo@email.com,Alimentos,"49,90","1,00",2024-07-20,"49,90"
411,2024-08-30,Quim Roscas,quim@email.com,Eletrônicos,"899,90","1,00",2024-08-30,"899,90"
412,2024/09/11,Rayanne Morais,rayanne@email.com,Livros,"59,90","2,00",2024-09-11,"119,80"
413,2024.10.22,Simone Gutierrez,simone@email.com,Casa,"279,90","1,00",2024-10-22,"279,90"
414,2024-Oct-02,Tato,tato@email.com,Esportes,"109,90","2,00",2024-10-02,"219,80"
415,2024-11-13,Ursula Cruz,ursula@email.com,Roupas,"199,90","1,00",2024-11-13,"199,90"
416,2024/12/24,Vitor Fadul,vitor@email.com,Beleza,"129,90","3,00",2024-12-24,"389,70"
417,2024.12.04,Waldineia,valdineia@email.com,Moveis,"899,00","1,00",2024-12-04,"899,00"
418,2024-Dec-14,Xande de Pilares,xande@email.com,Alimentos,"39,90","1,00",2024-12-14,"39,90"
419,2024-01-24,Yuri Marçal,yuri@email.com,Eletrônicos,"3299,00","1,00",2024-01-24,"3299,00"
420,2024/02/05,Zezé de Camargo,zeze@email.com,Livros,"79,90","1,00",2024-02-05,"79,90"
421,2024.03.16,Alinne Moraes,alinne@email.com,Casa,"399,90","2,00",2024-03-16,"799,80"
422,2024-Mar-26,Bruno De Luca,bruno@email.com,Esportes,"89,90","1,00",2024-03-26,"89,90"
423,2024-04-06,Carlos Alberto de Nóbrega,carlos@email.com,Roupas,"149,90","1,00",2024-04-06,"149,90"
424,2024/05/17,Danton Mello,danton@email.com,Beleza,"199,90","4,00",2024-05-17,"799,60"
425,2024.06.28,Eddie,eddie@email.com,Moveis,"1199,00","1,00",2024-06-28,"1199,00"
426,2024-Jun-08,Felipe Titto,felipe@email.com,Alimentos,"59,90","2,00",2024-06-08,"119,80"
427,2024-07-18,Gigi Gigliotti,gigi@email.com,Eletrônicos,"499,90","1,00",2024-07-18,"499,90"
428,2024/08/29,Helô Pinheiro,helo@email.com,Livros,"69,90","1,00",2024-08-29,"69,90"
429,2024.09.09,Isabela Boscov,isabela@email.com,Casa,"219,90","3,00",2024-09-09,"659,70"
430,2024-Sep-19,João Baldasserini,joao@email.com,Esportes,"99,90","1,00",2024-09-19,"99,90"
431,2024-10-29,Keyla Brasil,keyla@email.com,Roupas,"349,90","1,00",2024-10-29,"349,90"
432,2024/11/01,Luigi Baricelli,luigi@email.com,Beleza,"79,90","2,00",2024-11-01,"159,80"
433,2024.12.12,Maitê Proença,maite@email.com,Moveis,"1699,00","1,00",2024-12-12,"1699,00"
434,2024-Dec-22,Nando Cunha,nando@email.com,Alimentos,"49,90","1,00",2024-12-22,"49,90"
435,2024-01-02,Otoniel,otoniel@email.com,Eletrônicos,"799,90","1,00",2024-01-02,"799,90"
436,2024/02/13,Patricia França,patricia@email.com,Livros,"89,90","1,00",2024-02-13,"89,90"
437,2024.03.24,Queren do Instagram,queren@email.com,Casa,"179,90","2,00",2024-03-24,"359,80"
438,2024-Apr-04,Ricardo Tozzi,ricardo@email.com,Esportes,"119,90","2,00",2024-04-04,"239,80"
439,2024-05-15,Sandra Pêra,sandra@email.com,Roupas,"249,90","1,00",2024-05-15,"249,90"
440,2024/06/26,Tarcísio Filho,tarcisio@email.com,Beleza,"99,90","4,00",2024-06-26,"399,60"
441,2024.07.07,Ubiraci,ubiraci@email.com,Moveis,"749,90","1,00",2024-07-07,"749,90"
442,2024-Jul-17,Valquíria,valquiria@email.com,Alimentos,"39,90","1,00",2024-07-17,"39,90"
443,2024-08-27,Wagner Bello,wagner@email.com,Eletrônicos,"1999,00","1,00",2024-08-27,"1999,00"
444,2024/09/08,Xuxu,xuxu@email.com,Livros,"59,90","1,00",2024-09-08,"59,90"
445,2024.10.19,Yami,yami@email.com,Casa,"319,90","3,00",2024-10-19,"959,70"
446,2024-Oct-29,Zumira,zumira@email.com,Esportes,"89,90","1,00",2024-10-29,"89,90"
447,2024-11-10,André Gonçalves,andre@email.com,Roupas,"299,90","1,00",2024-11-10,"299,90"
448,2024/12/21,Berta Loran,berta@email.com,Beleza,"149,90","2,00",2024-12-21,"299,80"
449,2024.12.31,Cacau Melo,cacau@email.com,Moveis,"899,00","1,00",2024-12-31,"899,00"
450,2024-Dec-11,Dado Villa-Lobos,dado@email.com,Alimentos,"59,90","1,00",2024-12-11,"59,90"
451,2024-01-21,Edu,edu@email.com,Eletrônicos,"2899,00","1,00",2024-01-21,"2899,00"
452,2024/02/02,Fátima, fatima@email.com,Livros,"79,90","2,00",2024-02-02,"159,80"
453,2024.03.13,Gilmelândia,gilmelandia@email.com,Casa,"199,90","1,00",2024-03-13,"199,90"
454,2024-Mar-23,Henri Castelli,henri@email.com,Esportes,"109,90","2,00",2024-03-23,"219,80"
455,2024-04-03,Isabella Santoni,isabella@email.com,Roupas,"399,90","1,00",2024-04-03,"399,90"
456,2024/05/14,Jairzinho,jairzinho@email.com,Beleza,"69,90","4,00",2024-05-14,"279,60"
457,2024.06.25,Kleber de Oliveira,kleber@email.com,Moveis,"1099,00","1,00",2024-06-25,"1099,00"
458,2024-Jun-05,Larissa Manoela,larissa@email.com,Alimentos,"49,90","1,00",2024-06-05,"49,90"
459,2024-07-15,Marcelo Mello,marcelo@email.com,Eletrônicos,"599,90","1,00",2024-07-15,"599,90"
460,2024/08/26,Nelson Rubens,nelson@email.com,Livros,"89,90","1,00",2024-08-26,"89,90"
461,2024.09.06,Olívia Araujo,olivia@email.com,Casa,"449,90","2,00",2024-09-06,"899,80"
462,2024-Sep-16,Paulo Vilhena,paulo@email.com,Esportes,"79,90","1,00",2024-09-16,"79,90"
463,2024-10-26,Quiteria Chagas,quiteria@email.com,Roupas,"179,90","1,00",2024-10-26,"179,90"
464,2024/11/07,Renata Ceribelli,renata@email.com,Beleza,"199,90","3,00",2024-11-07,"599,70"
465,2024.12.18,Sérgio Loroza,sergio@email.com,Moveis,"799,00","1,00",2024-12-18,"799,00"
466,2024-Dec-28,Tania Bondezan,tania@email.com,Alimentos,"39,90","2,00",2024-12-28,"79,80"
467,2024-01-08,Ubaldino,ubaldino@email.com,Eletrônicos,"1399,00","1,00",2024-01-08,"1399,00"
468,2024/02/19,Valéria,das@email.com,Livros,"59,90","1,00",2024-02-19,"59,90"
469,2024.03.01,Waltinho,waltinho@email.com,Casa,"259,90","2,00",2024-03-01,"519,80"
470,2024-Mar-11,Xepa,xepa@email.com,Esportes,"129,90","1,00",2024-03-11,"129,90"
471,2024-04-21,Yohanna,yohanna@email.com,Roupas,"349,90","1,00",2024-04-21,"349,90"
472,2024/05/02,Zuleika,zuleika@email.com,Beleza,"89,90","4,00",2024-05-02,"359,60"
473,2024.06.13,Alexandre Borges,alexandre@email.com,Moveis,"1299,00","1,00",2024-06-13,"1299,00"
474,2024-Jun-23,Bernadete,bernadete@email.com,Alimentos,"69,90","1,00",2024-06-23,"69,90"
475,2024-07-03,Camila Pitanga,camila@email.com,Eletrônicos,"899,90","1,00",2024-07-03,"899,90"
476,2024/08/14,Diogo Almeida,diogo@email.com,Livros,"79,90","2,00",2024-08-14,"159,80"
477,2024.09.25,Elenco,elenco@email.com,Casa,"199,90","1,00",2024-09-25,"199,90"
478,2024-Sep-05,Fernanda Young,fernanda@email.com,Esportes,"99,90","2,00",2024-09-05,"199,80"
479,2024-10-15,Gilvan,gilvan@email.com,Roupas,"249,90","1,00",2024-10-15,"249,90"
480,2024/11/26,Helder,helder@email.com,Beleza,"149,90","3,00",2024-11-26,"449,70"
481,2024.12.07,Ivan,ivan@email.com,Moveis,"949,00","1,00",2024-12-07,"949,00"
482,2024-Dec-17,Jamile,jamile@email.com,Alimentos,"49,90","1,00",2024-12-17,"49,90"
483,2024-01-27,Kelly,kelly@email.com,Eletrônicos,"2499,00","1,00",2024-01-27,"2499,00"
484,2024/02/08,Leila,leila@email.com,Livros,"89,90","1,00",2024-02-08,"89,90"
485,2024.03.19,Marcela,marcela@email.com,Casa,"379,90","2,00",2024-03-19,"759,80"
486,2024-Mar-29,Natan,natan@email.com,Esportes,"89,90","1,00",2024-03-29,"89,90"
487,2024-04-09,Odilon,odilon@email.com,Roupas,"199,90","1,00",2024-04-09,"199,90"
488,2024/05/20,Priscila,priscila@email.com,Beleza,"79,90","4,00",2024-05-20,"319,60"
489,2024.06.01,Raul,raul@email.com,Moveis,"1499,00","1,00",2024-06-01,"1499,00"
490,2024-Jun-11,Silmara,silmara@email.com,Alimentos,"59,90","2,00",2024-06-11,"119,80"
491,2024-07-21,Thiago,thiago@email.com,Eletrônicos,"699,90","1,00",2024-07-21,"699,90"
492,2024/08/02,Ursula,ursula@email.com,Livros,"69,90","1,00",2024-08-02,"69,90"
493,2024.09.13,Virgínia,virginia@email.com,Casa,"299,90","3,00",2024-09-13,"899,70"
494,2024-Sep-23,Washington,washington@email.com,Esportes,"119,90","1,00",2024-09-23,"119,90"
495,2024-10-04,Xênia,,Roupas,"499,00","1,00",2024-10-04,"499,00"
496,2024/10/15,Yuri,yuri@email.com,Beleza,"99,90","2,00",2024-10-15,"199,80"
497,2024.11.26,Zilda,zilda@email.com,Moveis,"799,00","1,00",2024-11-26,"799,00"
498,2024-Nov-06,Alex,alex@email.com,Alimentos,"39,90","1,00",2024-11-06,"39,90"
499,2024-12-16,Bruno,bruno@email.com,Eletrônicos,"1099,00","1,00",2024-12-16,"1099,00"
500,2024/12/27,Carla,carla@email.com,Livros,"59,90","1,00",2024-12-27,"59,90"
